<?xml version="1.0" encoding="utf-8" ?>
<dwsync>
<file name="calendar.js" server="C:/Ampps/www/ventas/" local="131068583055909661" remote="131068583050000000" />
<file name="Captcha.res.php" server="C:/Ampps/www/ventas/" local="131068583055929678" remote="131068583050000000" />
<file name="DB.res.php" server="C:/Ampps/www/ventas/" local="131068583055949692" remote="131068583050000000" />
<file name="Email.res.php" server="C:/Ampps/www/ventas/" local="131068583055969701" remote="131068583050000000" />
<file name="FakeRecordset.res.php" server="C:/Ampps/www/ventas/" local="131068583055989714" remote="131068583050000000" />
<file name="File.res.php" server="C:/Ampps/www/ventas/" local="131068583056019742" remote="131068583050000000" />
<file name="FileUpload.res.php" server="C:/Ampps/www/ventas/" local="131068583056049758" remote="131068583050000000" />
<file name="Folder.res.php" server="C:/Ampps/www/ventas/" local="131068583056069789" remote="131068583050000000" />
<file name="Image.res.php" server="C:/Ampps/www/ventas/" local="131068583056099813" remote="131068583050000000" />
<file name="Image_pro.res.php" server="C:/Ampps/www/ventas/" local="131068583056129807" remote="131068583050000000" />
<file name="language.txt" server="C:/Ampps/www/ventas/" local="131068583056149846" remote="131068583050000000" />
<file name="MXI.res.php" server="C:/Ampps/www/ventas/" local="131068583056159844" remote="131068583050000000" />
<file name="NAV.res.php" server="C:/Ampps/www/ventas/" local="131068583056189873" remote="131068583050000000" />
<file name="NXT.res.php" server="C:/Ampps/www/ventas/" local="131068583056219867" remote="131068583050000000" />
<file name="Shell.res.php" server="C:/Ampps/www/ventas/" local="131068583056239880" remote="131068583050000000" />
<file name="tNG.res.php" server="C:/Ampps/www/ventas/" local="131068583056249895" remote="131068583050000000" />
<file name="tNG_FormValidation.res.php" server="C:/Ampps/www/ventas/" local="131068583056279911" remote="131068583050000000" />
<file name="tNG_pro.res.php" server="C:/Ampps/www/ventas/" local="131068583056299950" remote="131068583050000000" />
<file name="WDG.res.php" server="C:/Ampps/www/ventas/" local="131068583056319938" remote="131068583050000000" />
</dwsync>